Fecha;Canal;Hora;Programa;Espectadores;Share(%);
2019-04-04;40-TV-DPLUS;No disponemos de datos de audiencias para la fecha solicitada.;
2019-04-05;40-TV-DPLUS;No disponemos de datos de audiencias para la fecha solicitada.;
2019-04-06;40-TV-DPLUS;No disponemos de datos de audiencias para la fecha solicitada.;
2019-04-04;AL-JAZEERA-ENGLISH-DPLUS;No disponemos de datos de audiencias para la fecha solicitada.;
2019-04-05;AL-JAZEERA-ENGLISH-DPLUS;No disponemos de datos de audiencias para la fecha solicitada.;
2019-04-06;AL-JAZEERA-ENGLISH-DPLUS;No disponemos de datos de audiencias para la fecha solicitada.;
2019-04-04;ANTENA-3;06:15;NOTICIAS DE LA MAÑANA;112.000;13.3%;
2019-04-04;ANTENA-3;08:01;NOTICIAS DE LA MAÑANA;249.000;11.8%;
2019-04-04;ANTENA-3;09:00;ESPEJO PUBLICO (MAGAZINE);344.000;14%;
2019-04-04;ANTENA-3;11:40;ESPEJO PUBLICO:LA ULTIMA HORA;427.000;11.8%;
2019-04-04;ANTENA-3;13:29;KARLOS ARGUIÑANO EN TU COCINA / ANCHOAS CON CARPACCIO DE REMOLACHA;841.000;14%;
2019-04-04;ANTENA-3;13:53;LA RULETA DE LA SUERTE;1.643.000;18.2%;
2019-04-04;ANTENA-3;15:00;ANTENA 3 NOTICIAS 1;2.203.000;18.7%;
2019-04-04;ANTENA-3;16:01;ANTENA 3 NOTICIAS 1 CANARIAS;54.000;0.5%;
2019-04-04;ANTENA-3;16:09;D.REG(TU TIEMPO CON ROBERTO BRASERO);933.000;8.1%;
2019-04-04;ANTENA-3;16:09;TU TIEMPO CON ROBERTO BRASERO;881.000;7.7%;
2019-04-04;ANTENA-3;16:30;AMAR ES PARA SIEMPRE;1.426.000;13.5%;
2019-04-04;ANTENA-3;17:42;EL SECRETO DE PUENTE VIEJO;1.175.000;12.5%;
2019-04-04;ANTENA-3;18:49;¡AHORA CAIGO! / LOS 11 FANTASTICOS;1.317.000;13.7%;
2019-04-04;ANTENA-3;20:08;¡BOOM!;2.261.000;17.8%;
2019-04-04;ANTENA-3;21:04;ANTENA 3 NOTICIAS 2;2.355.000;15.2%;
2019-04-04;ANTENA-3;21:51;EL HORMIGUERO 3.0 / XAVIER SARDA;2.573.000;13.9%;
2019-04-04;ANTENA-3;23:00;CINE / OPERACION SWORDFISH;1.062.000;8%;
2019-04-04;ANTENA-3;00:51;CINE 2 / IMPACTO MORTAL(2010);309.000;6.7%;
2019-04-05;ANTENA-3;06:15;NOTICIAS DE LA MAÑANA;123.000;13.4%;
2019-04-05;ANTENA-3;08:02;NOTICIAS DE LA MAÑANA;268.000;11.7%;
2019-04-05;ANTENA-3;09:00;ESPEJO PUBLICO (MAGAZINE);356.000;13.4%;
2019-04-05;ANTENA-3;11:40;ESPEJO PUBLICO:LA ULTIMA HORA;444.000;10.6%;
2019-04-05;ANTENA-3;13:29;KARLOS ARGUIÑANO EN TU COCINA / OLLA ARANESA;931.000;14.3%;
2019-04-05;ANTENA-3;13:53;LA RULETA DE LA SUERTE;1.461.000;15.7%;
2019-04-05;ANTENA-3;15:00;ANTENA 3 NOTICIAS 1;2.094.000;17.2%;
2019-04-05;ANTENA-3;16:01;ANTENA 3 NOTICIAS 1 CANARIAS;20.000;0.2%;
2019-04-05;ANTENA-3;16:06;D.REG(TU TIEMPO CON ROBERTO BRASERO);1.087.000;9%;
2019-04-05;ANTENA-3;16:06;TU TIEMPO CON ROBERTO BRASERO;1.066.000;8.8%;
2019-04-05;ANTENA-3;16:29;AMAR ES PARA SIEMPRE;1.483.000;12.9%;
2019-04-05;ANTENA-3;17:43;EL SECRETO DE PUENTE VIEJO;1.382.000;12.9%;
2019-04-05;ANTENA-3;18:54;¡AHORA CAIGO! / LOS 11 FANTASTICOS;1.676.000;15.9%;
2019-04-05;ANTENA-3;20:12;¡BOOM!;2.328.000;19.2%;
2019-04-05;ANTENA-3;21:05;ANTENA 3 NOTICIAS 2;2.030.000;14.5%;
2019-04-05;ANTENA-3;22:16;JUEGO DE JUEGOS;1.443.000;8.9%;
2019-04-05;ANTENA-3;23:45;ME RESBALA;646.000;6.9%;
2019-04-05;ANTENA-3;01:37;CINE / CRIMEN EN LA NOCHE;198.000;5.1%;
2019-04-06;ANTENA-3;No disponemos de datos de audiencias para la fecha solicitada.;
2019-04-04;ANTENA-3-MEGA;14:53;MOUNTAIN MEN / LA HELADA;153.000;1.3%;
2019-04-04;ANTENA-3-MEGA;18:42;LA CASA DE EMPEÑOS;152.000;1.7%;
2019-04-04;ANTENA-3-MEGA;19:37;¿QUIEN DA MAS? / VENICE BEACH;161.000;1.6%;
2019-04-04;ANTENA-3-MEGA;20:05;¿QUIEN DA MAS? / MUCHO RUIDO Y POCAS NUECES;220.000;1.9%;
2019-04-04;ANTENA-3-MEGA;20:26;FORJADO A FUEGO / EL JALADI;219.000;1.6%;
2019-04-04;ANTENA-3-MEGA;21:10;FORJADO A FUEGO / EL ALFANJE;241.000;1.5%;
2019-04-04;ANTENA-3-MEGA;22:00;FORJADO A FUEGO / EL ESCUDO DE PINCHOS;160.000;0.9%;
2019-04-04;ANTENA-3-MEGA;22:50;EQUIPO DE INVESTIGACION / RETRATO DE UNA ASESINA;179.000;1.1%;
2019-04-04;ANTENA-3-MEGA;00:02;EL CHIRINGUITO DE JUGONES:AVANCE;180.000;1.6%;
2019-04-04;ANTENA-3-MEGA;00:31;EL CHIRINGUITO DE JUGONES;241.000;4.6%;
2019-04-05;ANTENA-3-MEGA;14:58;MOUNTAIN MEN / VIVE,LUCHA Y MUERE;168.000;1.4%;
2019-04-05;ANTENA-3-MEGA;18:01;LA CASA DE EMPEÑOS;165.000;1.5%;
2019-04-05;ANTENA-3-MEGA;18:21;LA CASA DE EMPEÑOS;191.000;1.8%;
2019-04-05;ANTENA-3-MEGA;18:46;LA CASA DE EMPEÑOS;202.000;2%;
2019-04-05;ANTENA-3-MEGA;19:13;¿QUIEN DA MAS? / SUBASTAS Y ALIADOS;184.000;1.7%;
2019-04-05;ANTENA-3-MEGA;19:40;¿QUIEN DA MAS? / ONTARIO;191.000;1.8%;
2019-04-05;ANTENA-3-MEGA;20:08;¿QUIEN DA MAS?;192.000;1.7%;
2019-04-05;ANTENA-3-MEGA;20:28;FORJADO A FUEGO / LA ESPADA VIKINGA;181.000;1.4%;
2019-04-05;ANTENA-3-MEGA;21:14;FORJADO A FUEGO;251.000;1.7%;
2019-04-05;ANTENA-3-MEGA;22:03;LA BIBLIA;162.000;1.4%;
2019-04-06;ANTENA-3-MEGA;No disponemos de datos de audiencias para la fecha solicitada.;
2019-04-04;ANTENA-3-NEOX;14:13;LOS SIMPSONS;487.000;5.5%;
2019-04-04;ANTENA-3-NEOX;14:32;LOS SIMPSONS;595.000;5.7%;
2019-04-04;ANTENA-3-NEOX;14:55;LOS SIMPSONS;549.000;4.8%;
2019-04-04;ANTENA-3-NEOX;15:19;LOS SIMPSONS;489.000;4.1%;
2019-04-04;ANTENA-3-NEOX;15:44;FRIENDS;378.000;3.2%;
2019-04-04;ANTENA-3-NEOX;21:11;BIG BANG;409.000;2.6%;
2019-04-04;ANTENA-3-NEOX;21:39;BIG BANG;398.000;2.3%;
2019-04-04;ANTENA-3-NEOX;22:29;BIG BANG;322.000;1.7%;
2019-04-04;ANTENA-3-NEOX;23:02;BIG BANG;336.000;1.9%;
2019-04-04;ANTENA-3-NEOX;23:20;BIG BANG;370.000;2.3%;
2019-04-05;ANTENA-3-NEOX;14:22;LOS SIMPSONS;371.000;3.7%;
2019-04-05;ANTENA-3-NEOX;14:46;LOS SIMPSONS;512.000;4.5%;
2019-04-05;ANTENA-3-NEOX;15:06;LOS SIMPSONS;412.000;3.4%;
2019-04-05;ANTENA-3-NEOX;15:58;FRIENDS;332.000;2.7%;
2019-04-05;ANTENA-3-NEOX;17:30;BIG BANG;385.000;3.5%;
2019-04-05;ANTENA-3-NEOX;17:47;BIG BANG;338.000;3.1%;
2019-04-05;ANTENA-3-NEOX;18:12;BIG BANG;334.000;3.1%;
2019-04-05;ANTENA-3-NEOX;21:14;BIG BANG;329.000;2.3%;
2019-04-05;ANTENA-3-NEOX;21:38;BIG BANG;432.000;2.8%;
2019-04-05;ANTENA-3-NEOX;22:00;CINEMATRIX / DIOSES DE EGIPTO;656.000;4.3%;
2019-04-06;ANTENA-3-NEOX;No disponemos de datos de audiencias para la fecha solicitada.;
2019-04-04;ANTENA-3-NOVA;14:30;KARLOS ARGUIÑANO EN TU COCINA / POLLO CON TOMATE Y PATATAS FRITAS;169.000;1.6%;
2019-04-04;ANTENA-3-NOVA;15:12;AVENIDA BRASIL;316.000;2.7%;
2019-04-04;ANTENA-3-NOVA;16:58;DE QUE TE QUIERO,TE QUIERO;229.000;2.3%;
2019-04-04;ANTENA-3-NOVA;18:13;A QUE NO ME DEJAS;185.000;2%;
2019-04-04;ANTENA-3-NOVA;20:01;MEDCEZIR;258.000;2.1%;
2019-04-04;ANTENA-3-NOVA;20:54;MADRE(ANNE);327.000;2.2%;
2019-04-04;ANTENA-3-NOVA;21:20;SILA;524.000;2.9%;
2019-04-04;ANTENA-3-NOVA;22:45;AMOR Y CRIMEN EN NOVA;185.000;1.7%;
2019-04-04;ANTENA-3-NOVA;22:45;CINE / EL SECRETO DE SU NOVIO;245.000;1.6%;
2019-04-04;ANTENA-3-NOVA;00:29;CINE / UNA MALA ELECCION;119.000;2%;
2019-04-05;ANTENA-3-NOVA;13:44;AMOR BRAVIO;133.000;1.7%;
2019-04-05;ANTENA-3-NOVA;14:30;KARLOS ARGUIÑANO EN TU COCINA / CAZUELA DE CALAMAR;154.000;1.4%;
2019-04-05;ANTENA-3-NOVA;15:12;AVENIDA BRASIL;313.000;2.6%;
2019-04-05;ANTENA-3-NOVA;16:58;DE QUE TE QUIERO,TE QUIERO;218.000;2%;
2019-04-05;ANTENA-3-NOVA;18:15;A QUE NO ME DEJAS;190.000;1.8%;
2019-04-05;ANTENA-3-NOVA;20:01;MEDCEZIR;254.000;2.2%;
2019-04-05;ANTENA-3-NOVA;20:54;MADRE(ANNE);350.000;2.6%;
2019-04-05;ANTENA-3-NOVA;21:21;SILA;522.000;3.3%;
2019-04-05;ANTENA-3-NOVA;22:45;NOVA NOCHE DE PELICULA / UN ERROR DEL PASADO;314.000;2.2%;
2019-04-05;ANTENA-3-NOVA;00:28;CINE / JORDAN;191.000;2.8%;
2019-04-06;ANTENA-3-NOVA;No disponemos de datos de audiencias para la fecha solicitada.;
2019-04-04;AXN;No disponemos de datos de audiencias para la fecha solicitada.;
2019-04-05;AXN;No disponemos de datos de audiencias para la fecha solicitada.;
2019-04-06;AXN;No disponemos de datos de audiencias para la fecha solicitada.;
2019-04-04;AXN-WHITE-DPLUS;No disponemos de datos de audiencias para la fecha solicitada.;
2019-04-05;AXN-WHITE-DPLUS;No disponemos de datos de audiencias para la fecha solicitada.;
2019-04-06;AXN-WHITE-DPLUS;No disponemos de datos de audiencias para la fecha solicitada.;
2019-04-04;Atreseries;14:58;HOUSE / TODO UN EJEMPLO;113.000;1%;
2019-04-04;Atreseries;15:47;HOUSE / PRIORIDADES;143.000;1.2%;
2019-04-04;Atreseries;18:30;LAS REGLAS DEL JUEGO / EL GOLPE DEL JUGUETE;100.000;1.1%;
2019-04-04;Atreseries;19:18;LAS REGLAS DEL JUEGO / EL GOLPE DEL LARGO ADIOS;148.000;1.4%;
2019-04-04;Atreseries;20:13;LEY Y ORDEN:UNIDAD DE VICTIMAS ESPECIALES / ALTERNAR;125.000;1%;
2019-04-04;Atreseries;20:57;LEY Y ORDEN:UNIDAD DE VICTIMAS ESPECIALES / AVATAR;247.000;1.6%;
2019-04-04;Atreseries;21:35;LEY Y ORDEN:UNIDAD DE VICTIMAS ESPECIALES / IMPULSIVO;270.000;1.5%;
2019-04-04;Atreseries;22:29;NAVY:INVESTIGACION CRIMINAL / EL TRIANGULO DEL DIABLO;184.000;1%;
2019-04-04;Atreseries;23:14;NAVY:INVESTIGACION CRIMINAL / COMPROMETIDA;155.000;1.1%;
2019-04-04;Atreseries;00:14;NAVY:INVESTIGACION CRIMINAL / COMPROMETIDA(2 PARTE);108.000;1.2%;
2019-04-05;Atreseries;14:59;HOUSE / EL AMOR HACE DAÑO;122.000;1%;
2019-04-05;Atreseries;15:48;HOUSE / TRES HISTORIAS;136.000;1.1%;
2019-04-05;Atreseries;16:50;LAS REGLAS DEL JUEGO / EL GOLPE DEL PRIMER CONTACTO;106.000;0.9%;
2019-04-05;Atreseries;17:29;LAS REGLAS DEL JUEGO / EL GOLPE DE LA ORDEN;126.000;1.2%;
2019-04-05;Atreseries;18:31;LAS REGLAS DEL JUEGO / EL GOLPE DE LOS HADOS MADRINOS;155.000;1.5%;
2019-04-05;Atreseries;19:19;LAS REGLAS DEL JUEGO / EL GOLPE DE LOS TRES DIAS DEL CAZADOR;137.000;1.3%;
2019-04-05;Atreseries;20:14;LEY Y ORDEN:UNIDAD DE VICTIMAS ESPECIALES / SABIO;120.000;1%;
2019-04-05;Atreseries;20:59;LEY Y ORDEN:UNIDAD DE VICTIMAS ESPECIALES / DAÑO;228.000;1.7%;
2019-04-05;Atreseries;21:37;LEY Y ORDEN:UNIDAD DE VICTIMAS ESPECIALES;249.000;1.6%;
2019-04-05;Atreseries;22:30;CRIMEN EN EL PARAISO;194.000;1.9%;
2019-04-06;Atreseries;No disponemos de datos de audiencias para la fecha solicitada.;
2019-04-04;BABY-TV-DPLUS;No disponemos de datos de audiencias para la fecha solicitada.;
2019-04-05;BABY-TV-DPLUS;No disponemos de datos de audiencias para la fecha solicitada.;
2019-04-06;BABY-TV-DPLUS;No disponemos de datos de audiencias para la fecha solicitada.;
2019-04-04;BARCA-TV-DPLUS;No disponemos de datos de audiencias para la fecha solicitada.;
2019-04-05;BARCA-TV-DPLUS;No disponemos de datos de audiencias para la fecha solicitada.;
2019-04-06;BARCA-TV-DPLUS;No disponemos de datos de audiencias para la fecha solicitada.;
2019-04-04;BBC-WORLD-DPLUS;No disponemos de datos de audiencias para la fecha solicitada.;
2019-04-05;BBC-WORLD-DPLUS;No disponemos de datos de audiencias para la fecha solicitada.;
2019-04-06;BBC-WORLD-DPLUS;No disponemos de datos de audiencias para la fecha solicitada.;
2019-04-04;BLOOMBERG-DPLUS;No disponemos de datos de audiencias para la fecha solicitada.;
2019-04-05;BLOOMBERG-DPLUS;No disponemos de datos de audiencias para la fecha solicitada.;
2019-04-06;BLOOMBERG-DPLUS;No disponemos de datos de audiencias para la fecha solicitada.;
2019-04-04;BOING;03:35;NINJAGO;8.000;0.9%;
2019-04-04;BOING;03:57;NINJAGO;8.000;1%;
2019-04-04;BOING;07:43;DORAEMON GATO COSMICO;43.000;2.8%;
2019-04-04;BOING;08:13;DORAEMON GATO COSMICO;152.000;6.8%;
2019-04-04;BOING;15:11;DORAEMON GATO COSMICO;81.000;0.7%;
2019-04-04;BOING;15:36;LOS THUNDERMAN;92.000;0.8%;
2019-04-04;BOING;19:55;DORAEMON GATO COSMICO;112.000;1%;
2019-04-04;BOING;21:18;LOS THUNDERMAN;191.000;1.2%;
2019-04-04;BOING;01:17;NINJAGO;18.000;0.3%;
2019-04-04;BOING;01:40;NINJAGO;16.000;0.4%;
2019-04-05;BOING;08:13;DORAEMON GATO COSMICO;148.000;6.2%;
2019-04-05;BOING;15:15;DORAEMON GATO COSMICO;181.000;1.5%;
2019-04-05;BOING;15:39;LOS THUNDERMAN;154.000;1.2%;
2019-04-05;BOING;17:01;SOMOS OSOS;125.000;1.1%;
2019-04-05;BOING;18:59;LOS THUNDERMAN;84.000;0.8%;
2019-04-05;BOING;19:27;LOS THUNDERMAN;101.000;1%;
2019-04-05;BOING;19:54;DORAEMON GATO COSMICO;126.000;1.1%;
2019-04-05;BOING;20:21;DORAEMON GATO COSMICO;124.000;1%;
2019-04-05;BOING;20:49;LA CASA DE LOS RETOS;113.000;0.9%;
2019-04-05;BOING;21:27;CINE / DORAEMON THE HERO:PIONEROS DEL ESPACIO;172.000;1.1%;
2019-04-06;BOING;No disponemos de datos de audiencias para la fecha solicitada.;
2019-04-04;Be-Mad;No disponemos de datos de audiencias para la fecha solicitada.;
2019-04-05;Be-Mad;No disponemos de datos de audiencias para la fecha solicitada.;
2019-04-06;Be-Mad;No disponemos de datos de audiencias para la fecha solicitada.;
2019-04-04;Bein-LaLiga;No disponemos de datos de audiencias para la fecha solicitada.;
2019-04-05;Bein-LaLiga;No disponemos de datos de audiencias para la fecha solicitada.;
2019-04-06;Bein-LaLiga;No disponemos de datos de audiencias para la fecha solicitada.;
2019-04-04;Bein-LaLiga-1;No disponemos de datos de audiencias para la fecha solicitada.;
2019-04-05;Bein-LaLiga-1;No disponemos de datos de audiencias para la fecha solicitada.;
2019-04-06;Bein-LaLiga-1;No disponemos de datos de audiencias para la fecha solicitada.;
2019-04-04;Bein-LaLiga-2;No disponemos de datos de audiencias para la fecha solicitada.;
2019-04-05;Bein-LaLiga-2;No disponemos de datos de audiencias para la fecha solicitada.;
2019-04-06;Bein-LaLiga-2;No disponemos de datos de audiencias para la fecha solicitada.;
2019-04-04;Bein-Sports;No disponemos de datos de audiencias para la fecha solicitada.;
2019-04-05;Bein-Sports;No disponemos de datos de audiencias para la fecha solicitada.;
2019-04-06;Bein-Sports;No disponemos de datos de audiencias para la fecha solicitada.;
2019-04-04;Bein-Sports-Max-1;No disponemos de datos de audiencias para la fecha solicitada.;
2019-04-05;Bein-Sports-Max-1;No disponemos de datos de audiencias para la fecha solicitada.;
2019-04-06;Bein-Sports-Max-1;No disponemos de datos de audiencias para la fecha solicitada.;
2019-04-04;CALLE-13-DPLUS;No disponemos de datos de audiencias para la fecha solicitada.;
2019-04-05;CALLE-13-DPLUS;No disponemos de datos de audiencias para la fecha solicitada.;
2019-04-06;CALLE-13-DPLUS;No disponemos de datos de audiencias para la fecha solicitada.;
2019-04-04;CANAL-24-HORAS;No disponemos de datos de audiencias para la fecha solicitada.;
2019-04-05;CANAL-24-HORAS;No disponemos de datos de audiencias para la fecha solicitada.;
2019-04-06;CANAL-24-HORAS;No disponemos de datos de audiencias para la fecha solicitada.;
2019-04-04;CANAL-COCINA-DPLUS;No disponemos de datos de audiencias para la fecha solicitada.;
2019-04-05;CANAL-COCINA-DPLUS;No disponemos de datos de audiencias para la fecha solicitada.;
2019-04-06;CANAL-COCINA-DPLUS;No disponemos de datos de audiencias para la fecha solicitada.;
2019-04-04;CANAL-DE-LAS-ESTRELLAS-DPLUS;No disponemos de datos de audiencias para la fecha solicitada.;
2019-04-05;CANAL-DE-LAS-ESTRELLAS-DPLUS;No disponemos de datos de audiencias para la fecha solicitada.;
2019-04-06;CANAL-DE-LAS-ESTRELLAS-DPLUS;No disponemos de datos de audiencias para la fecha solicitada.;
2019-04-04;CANAL-DECASA-DPLUS;No disponemos de datos de audiencias para la fecha solicitada.;
2019-04-05;CANAL-DECASA-DPLUS;No disponemos de datos de audiencias para la fecha solicitada.;
2019-04-06;CANAL-DECASA-DPLUS;No disponemos de datos de audiencias para la fecha solicitada.;
2019-04-04;CANAL-PANDA-DPLUS;No disponemos de datos de audiencias para la fecha solicitada.;
2019-04-05;CANAL-PANDA-DPLUS;No disponemos de datos de audiencias para la fecha solicitada.;
2019-04-06;CANAL-PANDA-DPLUS;No disponemos de datos de audiencias para la fecha solicitada.;
2019-04-04;CANAL-SUR;No disponemos de datos de audiencias para la fecha solicitada.;
2019-04-05;CANAL-SUR;No disponemos de datos de audiencias para la fecha solicitada.;
2019-04-06;CANAL-SUR;No disponemos de datos de audiencias para la fecha solicitada.;
2019-04-04;CAZA-Y-PESCA-DPLUS;No disponemos de datos de audiencias para la fecha solicitada.;
2019-04-05;CAZA-Y-PESCA-DPLUS;No disponemos de datos de audiencias para la fecha solicitada.;
2019-04-06;CAZA-Y-PESCA-DPLUS;No disponemos de datos de audiencias para la fecha solicitada.;
2019-04-04;CCTV-Espanol;No disponemos de datos de audiencias para la fecha solicitada.;
2019-04-05;CCTV-Espanol;No disponemos de datos de audiencias para la fecha solicitada.;
2019-04-06;CCTV-Espanol;No disponemos de datos de audiencias para la fecha solicitada.;
2019-04-04;CLAN;07:36;CLUB CLAN;206.000;10.8%;
2019-04-04;CLAN;15:27;GERONIMO STILTON;221.000;1.9%;
2019-04-04;CLAN;20:57;BOB ESPONJA;360.000;2.4%;
2019-04-04;CLAN;22:01;HENRY DANGER / CUMPLEAÑERA AL AGUA;343.000;1.9%;
2019-04-04;CLAN;22:23;HENRY DANGER / DEMASIADO EN JUEGO;263.000;1.4%;
2019-04-04;CLAN;22:46;100 COSAS QUE HACER ANTES DE IR AL INSTITUTO / SER UN CIENTIFICO CHIFLADO;162.000;0.9%;
2019-04-04;CLAN;23:07;100 COSAS QUE HACER ANTES DE IR AL INSTITUTO / UNA BUSQUEDA DEL TESORO;96.000;0.6%;
2019-04-04;CLAN;23:29;ICARLY / SOY TU MAYOR FAN;46.000;0.3%;
2019-04-04;CLAN;00:15;CUENTAME COMO PASO / LA NOCHE DE TODOS;59.000;0.8%;
2019-04-04;CLAN;01:27;CUENTAME COMO PASO / MAS QUE DOS CARRETAS...;63.000;1.7%;
2019-04-05;CLAN;07:35;CLUB CLAN;179.000;8.7%;
2019-04-05;CLAN;09:24;LA PATRULLA CANINA;44.000;1.9%;
2019-04-05;CLAN;10:08;LOS VROOMIZ;36.000;1.3%;
2019-04-05;CLAN;12:28;CUATRO AMIGOS Y MEDIO;32.000;0.8%;
2019-04-05;CLAN;14:00;BOB ESPONJA;166.000;2%;
2019-04-05;CLAN;15:28;GERONIMO STILTON;234.000;1.9%;
2019-04-05;CLAN;21:20;CINE / OPERACION CACAHUETE;294.000;1.9%;
2019-04-05;CLAN;22:36;CINE / JUGUETES Y MASCOTAS;218.000;1.4%;
2019-04-05;CLAN;00:09;CINE / THE LADYBUG;91.000;1%;
2019-04-05;CLAN;01:18;CINE / 300:EL ORIGEN DE UN IMPERIO;50.000;1.1%;
2019-04-06;CLAN;No disponemos de datos de audiencias para la fecha solicitada.;
2019-04-04;CNBC-DPLUS;No disponemos de datos de audiencias para la fecha solicitada.;
2019-04-05;CNBC-DPLUS;No disponemos de datos de audiencias para la fecha solicitada.;
2019-04-06;CNBC-DPLUS;No disponemos de datos de audiencias para la fecha solicitada.;
2019-04-04;CNN-INT-DPLUS;No disponemos de datos de audiencias para la fecha solicitada.;
2019-04-05;CNN-INT-DPLUS;No disponemos de datos de audiencias para la fecha solicitada.;
2019-04-06;CNN-INT-DPLUS;No disponemos de datos de audiencias para la fecha solicitada.;
2019-04-04;COSMOPOLITAN-DPLUS;No disponemos de datos de audiencias para la fecha solicitada.;
2019-04-05;COSMOPOLITAN-DPLUS;No disponemos de datos de audiencias para la fecha solicitada.;
2019-04-06;COSMOPOLITAN-DPLUS;No disponemos de datos de audiencias para la fecha solicitada.;
2019-04-04;CUATRO;06:59;SURFEROS TV;8.000;0.8%;
2019-04-04;CUATRO;07:28;GYM TONY XS;22.000;1.7%;
2019-04-04;CUATRO;07:44;GYM TONY XS;35.000;1.9%;
2019-04-04;CUATRO;08:31;SAFARI,A LA CAZA DE LA TELE;39.000;1.9%;
2019-04-04;CUATRO;09:31;ALERTA COBRA / EL ULTIMO DIA;145.000;6.2%;
2019-04-04;CUATRO;10:23;ALERTA COBRA / TURBO Y TACHO;178.000;6.8%;
2019-04-04;CUATRO;11:22;ALERTA COBRA / LOS MUERTOS NO VUELVEN;158.000;5.3%;
2019-04-04;CUATRO;12:22;MUJERES Y HOMBRES Y VICEVERSA;144.000;3.7%;
2019-04-04;CUATRO;13:23;EL CONCURSO DEL AÑO;419.000;6.3%;
2019-04-04;CUATRO;14:22;CUATRO AL DIA A LAS 14H;433.000;4.4%;
2019-04-04;CUATRO;14:51;NOTICIAS CUATRO DEPORTES;509.000;4.4%;
2019-04-04;CUATRO;15:29;DEPORTES CUATRO;397.000;3.3%;
2019-04-04;CUATRO;15:45;TODO ES MENTIRA;487.000;4.3%;
2019-04-04;CUATRO;16:59;TODO ES MENTIRA BIS;406.000;3.9%;
2019-04-04;CUATRO;17:27;CUATRO AL DIA;266.000;2.8%;
2019-04-04;CUATRO;20:00;CUATRO AL DIA A LAS 20H;260.000;2.3%;
2019-04-04;CUATRO;20:30;VEN A CENAR CONMIGO;514.000;3.7%;
2019-04-04;CUATRO;21:34;FIRST DATES;1.072.000;5.9%;
2019-04-04;CUATRO;22:55;PASAPORTE PAMPLIEGA / LOS CABOS DEL MIEDO;511.000;3.3%;
2019-04-04;CUATRO;00:13;PASAPORTE PAMPLIEGA / KU KLUX KLAN,LA SEMILLA DEL ODIO;283.000;3.8%;
2019-04-04;CUATRO;01:40;CABO VADILLO / EL SALVADOR;138.000;4.2%;
2019-04-05;CUATRO;07:00;SURFEROS TV;10.000;0.9%;
2019-04-05;CUATRO;07:36;GYM TONY XS;43.000;2.2%;
2019-04-05;CUATRO;08:36;SAFARI,A LA CAZA DE LA TELE;40.000;1.9%;
2019-04-05;CUATRO;09:30;ALERTA COBRA / LA FORMULA DEL FUTURO;136.000;5.4%;
2019-04-05;CUATRO;10:20;ALERTA COBRA / EL LADO OSCURO;226.000;8%;
2019-04-05;CUATRO;11:24;ALERTA COBRA / EL LADO OSCURO(2 PARTE);242.000;7.2%;
2019-04-05;CUATRO;12:25;MUJERES Y HOMBRES Y VICEVERSA;205.000;4.5%;
2019-04-05;CUATRO;13:24;EL CONCURSO DEL AÑO;436.000;6.1%;
2019-04-05;CUATRO;14:21;CUATRO AL DIA A LAS 14H;370.000;3.7%;
2019-04-05;CUATRO;14:49;NOTICIAS CUATRO DEPORTES;453.000;3.9%;
2019-04-05;CUATRO;15:23;DEPORTES CUATRO;434.000;3.4%;
2019-04-05;CUATRO;15:45;TODO ES MENTIRA;426.000;3.5%;
2019-04-05;CUATRO;16:59;TODO ES MENTIRA BIS;400.000;3.5%;
2019-04-05;CUATRO;17:26;CUATRO AL DIA;262.000;2.5%;
2019-04-05;CUATRO;20:00;CUATRO AL DIA A LAS 20H;213.000;1.9%;
2019-04-05;CUATRO;20:31;VEN A CENAR CONMIGO;492.000;3.8%;
2019-04-05;CUATRO;21:38;FIRST DATES;1.049.000;6.6%;
2019-04-05;CUATRO;22:22;LOS GIPSY KINGS;1.063.000;6.8%;
2019-04-05;CUATRO;00:09;LOS GIPSY KINGS;453.000;5.9%;
2019-04-05;CUATRO;01:52;PALABRA DE GITANO / TRADICION;303.000;8.6%;
2019-04-06;CUATRO;No disponemos de datos de audiencias para la fecha solicitada.;
2019-04-04;CUBAVISION-DPLUS;No disponemos de datos de audiencias para la fecha solicitada.;
2019-04-05;CUBAVISION-DPLUS;No disponemos de datos de audiencias para la fecha solicitada.;
2019-04-06;CUBAVISION-DPLUS;No disponemos de datos de audiencias para la fecha solicitada.;
2019-04-04;Canal-0;No disponemos de datos de audiencias para la fecha solicitada.;
2019-04-05;Canal-0;No disponemos de datos de audiencias para la fecha solicitada.;
2019-04-06;Canal-0;No disponemos de datos de audiencias para la fecha solicitada.;
2019-04-04;Canal-Orbe-21;No disponemos de datos de audiencias para la fecha solicitada.;
2019-04-05;Canal-Orbe-21;No disponemos de datos de audiencias para la fecha solicitada.;
2019-04-06;Canal-Orbe-21;No disponemos de datos de audiencias para la fecha solicitada.;
2019-04-04;Classica;No disponemos de datos de audiencias para la fecha solicitada.;
2019-04-05;Classica;No disponemos de datos de audiencias para la fecha solicitada.;
2019-04-06;Classica;No disponemos de datos de audiencias para la fecha solicitada.;
2019-04-04;Comedy-Central;No disponemos de datos de audiencias para la fecha solicitada.;
2019-04-05;Comedy-Central;No disponemos de datos de audiencias para la fecha solicitada.;
2019-04-06;Comedy-Central;No disponemos de datos de audiencias para la fecha solicitada.;
2019-04-04;Crimen-Investigacion;No disponemos de datos de audiencias para la fecha solicitada.;
2019-04-05;Crimen-Investigacion;No disponemos de datos de audiencias para la fecha solicitada.;
2019-04-06;Crimen-Investigacion;No disponemos de datos de audiencias para la fecha solicitada.;
2019-04-04;DISCOVERY-MAX;14:53;LA FIEBRE DEL ORO;151.000;1.3%;
2019-04-04;DISCOVERY-MAX;16:49;EN MITAD DE LA NADA;148.000;1.4%;
2019-04-04;DISCOVERY-MAX;19:44;FAST N'LOUD;165.000;1.5%;
2019-04-04;DISCOVERY-MAX;20:35;FAST N'LOUD;210.000;1.5%;
2019-04-04;DISCOVERY-MAX;21:39;¿COMO LO HACEN?;245.000;1.4%;
2019-04-04;DISCOVERY-MAX;22:02;¿COMO LO HACEN?;291.000;1.6%;
2019-04-04;DISCOVERY-MAX;22:32;ALIENIGENAS / LOS ARQUITECTOS ALIENIGENAS;210.000;1.2%;
2019-04-04;DISCOVERY-MAX;23:27;ALIENIGENAS / LA MALDICION DE LOS FARAONES;234.000;1.7%;
2019-04-04;DISCOVERY-MAX;00:30;ALIENIGENAS / MAS ALLA DE ROSWELL;232.000;3.1%;
2019-04-04;DISCOVERY-MAX;01:23;ALIENIGENAS / CAZADORES DE ALIENIGENAS;175.000;4%;
2019-04-05;DISCOVERY-MAX;02:49;EVIDENCIAS INSOLITAS;115.000;7.7%;
2019-04-05;DISCOVERY-MAX;14:52;LA FIEBRE DEL ORO;182.000;1.5%;
2019-04-05;DISCOVERY-MAX;15:50;EN MITAD DE LA NADA;179.000;1.5%;
2019-04-05;DISCOVERY-MAX;16:47;EN MITAD DE LA NADA;189.000;1.7%;
2019-04-05;DISCOVERY-MAX;17:45;MEGAFACTORIAS / BOING 747;134.000;1.2%;
2019-04-05;DISCOVERY-MAX;18:43;MEGAFACTORIAS / CORONA;132.000;1.3%;
2019-04-05;DISCOVERY-MAX;19:41;MEGAFACTORIAS / LA FABRICA DEL JAGUAR XJ;129.000;1.2%;
2019-04-05;DISCOVERY-MAX;21:01;¿COMO LO HACEN?;177.000;1.3%;
2019-04-05;DISCOVERY-MAX;21:31;¿COMO LO HACEN?;203.000;1.3%;
2019-04-05;DISCOVERY-MAX;22:06;CINE / KILL BILL:VOLUME 2;306.000;2.1%;
2019-04-06;DISCOVERY-MAX;No disponemos de datos de audiencias para la fecha solicitada.;
2019-04-04;DISNEY-CHANNEL;No disponemos de datos de audiencias para la fecha solicitada.;
2019-04-05;DISNEY-CHANNEL;No disponemos de datos de audiencias para la fecha solicitada.;
2019-04-06;DISNEY-CHANNEL;No disponemos de datos de audiencias para la fecha solicitada.;
2019-04-04;DISNEY-JUNIOR-DPLUS;No disponemos de datos de audiencias para la fecha solicitada.;
2019-04-05;DISNEY-JUNIOR-DPLUS;No disponemos de datos de audiencias para la fecha solicitada.;
2019-04-06;DISNEY-JUNIOR-DPLUS;No disponemos de datos de audiencias para la fecha solicitada.;
2019-04-04;DISNEY-XD-DPLUS;No disponemos de datos de audiencias para la fecha solicitada.;
2019-04-05;DISNEY-XD-DPLUS;No disponemos de datos de audiencias para la fecha solicitada.;
2019-04-06;DISNEY-XD-DPLUS;No disponemos de datos de audiencias para la fecha solicitada.;
2019-04-04;DIVINITY;15:00;CAZAMARIPOSAS:PRIMERA EDICION NEXT;175.000;1.5%;
2019-04-04;DIVINITY;15:44;CAZAMARIPOSAS:PRIMERA EDICION;292.000;2.5%;
2019-04-04;DIVINITY;16:33;DIVINITY TE COMO A SERIES;268.000;2.4%;
2019-04-04;DIVINITY;16:33;STILETTO VENDETTA;166.000;1.6%;
2019-04-04;DIVINITY;18:08;STILETTO VENDETTA;196.000;2.1%;
2019-04-04;DIVINITY;18:34;SÜHAN,VENGANZA Y AMOR;259.000;2.8%;
2019-04-04;DIVINITY;19:41;SÜHAN,VENGANZA Y AMOR;318.000;3%;
2019-04-04;DIVINITY;20:04;KARA SEVDA(AMOR ETERNO);379.000;2.9%;
2019-04-04;DIVINITY;21:19;KARA SEVDA(AMOR ETERNO);423.000;2.6%;
2019-04-04;DIVINITY;21:47;GH DUO:DIARIO;401.000;2.3%;
2019-04-05;DIVINITY;15:43;CAZAMARIPOSAS:PRIMERA EDICION;333.000;2.7%;
2019-04-05;DIVINITY;16:33;DIVINITY TE COMO A SERIES;319.000;2.6%;
2019-04-05;DIVINITY;16:33;STILETTO VENDETTA;206.000;1.8%;
2019-04-05;DIVINITY;18:08;STILETTO VENDETTA;283.000;2.7%;
2019-04-05;DIVINITY;18:33;SÜHAN,VENGANZA Y AMOR;299.000;2.9%;
2019-04-05;DIVINITY;19:39;SÜHAN,VENGANZA Y AMOR;322.000;3%;
2019-04-05;DIVINITY;20:02;KARA SEVDA(AMOR ETERNO);404.000;3.1%;
2019-04-05;DIVINITY;21:54;KARA SEVDA(AMOR ETERNO);429.000;2.6%;
2019-04-05;DIVINITY;22:33;GH DUO:DIARIO;218.000;1.3%;
2019-04-05;DIVINITY;23:00;SOFA,CINE Y DIVINITY / EL ENTRENADOR PERSONAL;214.000;1.6%;
2019-04-06;DIVINITY;No disponemos de datos de audiencias para la fecha solicitada.;
2019-04-04;DKISS;No disponemos de datos de audiencias para la fecha solicitada.;
2019-04-05;DKISS;No disponemos de datos de audiencias para la fecha solicitada.;
2019-04-06;DKISS;No disponemos de datos de audiencias para la fecha solicitada.;
2019-04-04;EL-GARAGE-TV-DPLUS;No disponemos de datos de audiencias para la fecha solicitada.;
2019-04-05;EL-GARAGE-TV-DPLUS;No disponemos de datos de audiencias para la fecha solicitada.;
2019-04-06;EL-GARAGE-TV-DPLUS;No disponemos de datos de audiencias para la fecha solicitada.;
2019-04-04;ENERGY;15:08;C.S.I.;218.000;1.8%;
2019-04-04;ENERGY;16:02;C.S.I.;291.000;2.6%;
2019-04-04;ENERGY;16:59;BLUE BLOODS,FAMILIA DE POLICIAS / NO DESVANECERSE;216.000;2.1%;
2019-04-04;ENERGY;19:26;BLUE BLOODS,FAMILIA DE POLICIAS;192.000;1.9%;
2019-04-04;ENERGY;20:14;DISTRITO 8;244.000;2%;
2019-04-04;ENERGY;21:06;C.S.I.NUEVA YORK / EL FRUTO PROHIBIDO;281.000;1.7%;
2019-04-04;ENERGY;22:02;C.S.I.NUEVA YORK / AYUDA;308.000;1.6%;
2019-04-04;ENERGY;22:54;C.S.I.NUEVA YORK;306.000;1.8%;
2019-04-04;ENERGY;23:41;C.S.I.NUEVA YORK;268.000;2.3%;
2019-04-04;ENERGY;00:42;C.S.I.NUEVA YORK;231.000;3.4%;
2019-04-05;ENERGY;15:11;C.S.I.;328.000;2.6%;
2019-04-05;ENERGY;16:03;C.S.I.;398.000;3.3%;
2019-04-05;ENERGY;16:58;BLUE BLOODS,FAMILIA DE POLICIAS / DELATORES;280.000;2.5%;
2019-04-05;ENERGY;20:03;DISTRITO 8;338.000;2.9%;
2019-04-05;ENERGY;20:58;C.S.I.MIAMI / VENGANZA;261.000;1.8%;
2019-04-05;ENERGY;21:53;C.S.I.MIAMI;407.000;2.5%;
2019-04-05;ENERGY;22:40;C.S.I.MIAMI / 10-7;384.000;2.4%;
2019-04-05;ENERGY;23:35;C.S.I.MIAMI;428.000;3.4%;
2019-04-05;ENERGY;00:29;C.S.I.MIAMI;458.000;5.8%;
2019-04-05;ENERGY;01:17;C.S.I.MIAMI / PRESA;305.000;6.3%;
2019-04-06;ENERGY;No disponemos de datos de audiencias para la fecha solicitada.;
2019-04-04;ETB;No disponemos de datos de audiencias para la fecha solicitada.;
2019-04-05;ETB;No disponemos de datos de audiencias para la fecha solicitada.;
2019-04-06;ETB;No disponemos de datos de audiencias para la fecha solicitada.;
2019-04-04;EURONEWS-DPLUS;No disponemos de datos de audiencias para la fecha solicitada.;
2019-04-05;EURONEWS-DPLUS;No disponemos de datos de audiencias para la fecha solicitada.;
2019-04-06;EURONEWS-DPLUS;No disponemos de datos de audiencias para la fecha solicitada.;
2019-04-04;EUROSPORT-DPLUS;No disponemos de datos de audiencias para la fecha solicitada.;
2019-04-05;EUROSPORT-DPLUS;No disponemos de datos de audiencias para la fecha solicitada.;
2019-04-06;EUROSPORT-DPLUS;No disponemos de datos de audiencias para la fecha solicitada.;
2019-04-04;Eurosport-2;No disponemos de datos de audiencias para la fecha solicitada.;
2019-04-05;Eurosport-2;No disponemos de datos de audiencias para la fecha solicitada.;
2019-04-06;Eurosport-2;No disponemos de datos de audiencias para la fecha solicitada.;
2019-04-04;FDF;02:30;LA QUE SE AVECINA / UN TIBURON,UN DESAHUCIADO Y LAS GAMBAS DEL APOCALIPSIS;184.000;10.8%;
2019-04-04;FDF;03:28;LA QUE SE AVECINA / UN AVISPILLA,UNA DOMINATRIX Y UN MOCO ASESINO;145.000;17.3%;
2019-04-04;FDF;13:07;LA QUE SE AVECINA / UNA SOLTERA CARROÑERA,EL URDANGARIN DE LA SELVA Y DOS PUTILL;185.000;2.4%;
2019-04-04;FDF;15:02;LA QUE SE AVECINA / UNA PIÑA,UNA GOGO CUARENTONA Y UN TIBURON CON DOS PENES;397.000;3.4%;
2019-04-04;FDF;16:59;LOS SERRANO / LA SOMBRA DE LA CANDELARIA ES ALARGADA;206.000;2.1%;
2019-04-04;FDF;19:48;GYM TONY XS;143.000;1.3%;
2019-04-04;FDF;20:19;LA QUE SE AVECINA / UN DEPREDADOR AFRICANO,UNA MUÑEQUITA RUSA Y UNA NOCHE CHOCHETE-FREE;377.000;2.4%;
2019-04-04;FDF;22:27;CINE / TRANSPORTER;469.000;2.8%;
2019-04-04;FDF;00:05;LA QUE SE AVECINA / UNA SUBASTA,UNA CREMA PARA VIEJAS Y UN BOMBON DE LICOR;193.000;2.6%;
2019-04-04;FDF;01:50;LA QUE SE AVECINA / UN ONANISTA,UN NIÑO ROBADO Y UNA ANTORCHA HUMANA;170.000;5.5%;
2019-04-05;FDF;02:30;LA QUE SE AVECINA / UN ONANISTA,UN NIÑO ROBADO Y UNA ANTORCHA HUMANA;160.000;8.8%;
2019-04-05;FDF;13:00;LA QUE SE AVECINA / UNA GASTROSCOPIA,UNA FIESTA LOCA,LOCA Y EL REY DE LOS INODOR;206.000;2.7%;
2019-04-05;FDF;14:59;LA QUE SE AVECINA / UNAS PLACAS SOLARES,UNA CHACHA YONQUI Y UN MONTON DE MIERDA;451.000;3.7%;
2019-04-05;FDF;16:59;LOS SERRANO / LA PENITENCIA VA POR DETRAS;216.000;2%;
2019-04-05;FDF;18:45;SAFARI,A LA CAZA DE LA TELE;158.000;1.5%;
2019-04-05;FDF;19:42;GYM TONY XS;143.000;1.3%;
2019-04-05;FDF;20:24;LA QUE SE AVECINA / UN CHOCHETE PASAJERO,UNA LESBIANA CON MOCHILA Y EL PADRE PIRULETAS;320.000;2.3%;
2019-04-05;FDF;22:29;CINE / TRANSPORTER 2;612.000;3.9%;
2019-04-05;FDF;00:02;LA QUE SE AVECINA / UNA CONSERJA,UN ROMANCE IMPOSIBLE Y UN CUESCO TRAICIONERO;360.000;4.6%;
2019-04-05;FDF;01:58;LA QUE SE AVECINA / UN LANZAMIENTO,UN RESBALON Y LA ABUELA DEL VAMPIRICANTROPO;217.000;6.4%;
2019-04-06;FDF;No disponemos de datos de audiencias para la fecha solicitada.;
2019-04-04;FOX-DPLUS;No disponemos de datos de audiencias para la fecha solicitada.;
2019-04-05;FOX-DPLUS;No disponemos de datos de audiencias para la fecha solicitada.;
2019-04-06;FOX-DPLUS;No disponemos de datos de audiencias para la fecha solicitada.;
2019-04-04;FOX-Life-DPLUS;No disponemos de datos de audiencias para la fecha solicitada.;
2019-04-05;FOX-Life-DPLUS;No disponemos de datos de audiencias para la fecha solicitada.;
2019-04-06;FOX-Life-DPLUS;No disponemos de datos de audiencias para la fecha solicitada.;
2019-04-04;FOX-NEWS-DPLUS;No disponemos de datos de audiencias para la fecha solicitada.;
2019-04-05;FOX-NEWS-DPLUS;No disponemos de datos de audiencias para la fecha solicitada.;
2019-04-06;FOX-NEWS-DPLUS;No disponemos de datos de audiencias para la fecha solicitada.;
2019-04-04;FRANCE-24-DPLUS;No disponemos de datos de audiencias para la fecha solicitada.;
2019-04-05;FRANCE-24-DPLUS;No disponemos de datos de audiencias para la fecha solicitada.;
2019-04-06;FRANCE-24-DPLUS;No disponemos de datos de audiencias para la fecha solicitada.;
2019-04-04;GOL;No disponemos de datos de audiencias para la fecha solicitada.;
2019-04-05;GOL;No disponemos de datos de audiencias para la fecha solicitada.;
2019-04-06;GOL;No disponemos de datos de audiencias para la fecha solicitada.;
2019-04-04;HISTORIA-DPLUS;No disponemos de datos de audiencias para la fecha solicitada.;
2019-04-05;HISTORIA-DPLUS;No disponemos de datos de audiencias para la fecha solicitada.;
2019-04-06;HISTORIA-DPLUS;No disponemos de datos de audiencias para la fecha solicitada.;
2019-04-04;HOLLYWOOD-DPLUS;No disponemos de datos de audiencias para la fecha solicitada.;
2019-04-05;HOLLYWOOD-DPLUS;No disponemos de datos de audiencias para la fecha solicitada.;
2019-04-06;HOLLYWOOD-DPLUS;No disponemos de datos de audiencias para la fecha solicitada.;
2019-04-04;INTERECONOMIA;No disponemos de datos de audiencias para la fecha solicitada.;
2019-04-05;INTERECONOMIA;No disponemos de datos de audiencias para la fecha solicitada.;
2019-04-06;INTERECONOMIA;No disponemos de datos de audiencias para la fecha solicitada.;
2019-04-04;Iberalia-TV;No disponemos de datos de audiencias para la fecha solicitada.;
2019-04-05;Iberalia-TV;No disponemos de datos de audiencias para la fecha solicitada.;
2019-04-06;Iberalia-TV;No disponemos de datos de audiencias para la fecha solicitada.;
2019-04-04;LA-SEXTA;06:40;UNICOS;9.000;1.1%;
2019-04-04;LA-SEXTA;07:30;ARUSITYS:PREVIO;145.000;7.8%;
2019-04-04;LA-SEXTA;09:00;ARUSITYS;268.000;11.5%;
2019-04-04;LA-SEXTA;11:00;AL ROJO VIVO:PREVIO;420.000;14%;
2019-04-04;LA-SEXTA;12:35;AL ROJO VIVO;924.000;17%;
2019-04-04;LA-SEXTA;14:20;LA SEXTA NOTICIAS 14H;1.404.000;14.6%;
2019-04-04;LA-SEXTA;14:59;LA SEXTA NOTICIAS:JUGONES;687.000;5.9%;
2019-04-04;LA-SEXTA;15:47;ZAPEANDO;653.000;5.9%;
2019-04-04;LA-SEXTA;17:23;MAS VALE TARDE:AVANCE;486.000;4.8%;
2019-04-04;LA-SEXTA;17:48;MAS VALE TARDE;714.000;7.6%;
2019-04-04;LA-SEXTA;20:01;LA SEXTA NOTICIAS 20H;1.078.000;9.1%;
2019-04-04;LA-SEXTA;21:26;EL INTERMEDIO / 2000;1.879.000;10.5%;
2019-04-04;LA-SEXTA;23:33;CINE / ALGUN DIA ENCONTRARE EL AMOR;379.000;3.6%;
2019-04-04;LA-SEXTA;01:14;LAS PRIMERAS 48 HORAS / RABIA CONTENIDA;133.000;3.4%;
2019-04-05;LA-SEXTA;06:57;UNICOS;7.000;0.7%;
2019-04-05;LA-SEXTA;07:30;ARUSITYS:PREVIO;136.000;6.7%;
2019-04-05;LA-SEXTA;09:02;ARUSITYS;280.000;11.1%;
2019-04-05;LA-SEXTA;11:00;AL ROJO VIVO:PREVIO;379.000;11.3%;
2019-04-05;LA-SEXTA;12:35;AL ROJO VIVO;941.000;15.8%;
2019-04-05;LA-SEXTA;14:19;LA SEXTA NOTICIAS 14H;1.422.000;14.3%;
2019-04-05;LA-SEXTA;14:59;LA SEXTA NOTICIAS:JUGONES;891.000;7.5%;
2019-04-05;LA-SEXTA;15:43;ZAPEANDO;744.000;6.2%;
2019-04-05;LA-SEXTA;17:23;MAS VALE TARDE:AVANCE;458.000;4.1%;
2019-04-05;LA-SEXTA;17:47;MAS VALE TARDE;869.000;8.2%;
2019-04-05;LA-SEXTA;20:02;LA SEXTA NOTICIAS 20H;1.048.000;9.1%;
2019-04-05;LA-SEXTA;21:27;LASEXTA COLUMNA:PREVIO / BREXIT:SHOULD I STAY OR SHOULD I GO;721.000;4.9%;
2019-04-05;LA-SEXTA;21:47;LASEXTA COLUMNA / BREXIT:SHOULD I STAY OR SHOULD I GO;1.229.000;7.6%;
2019-04-05;LA-SEXTA;22:30;EQUIPO DE INVESTIGACION / LA COSTA DEL CRIMEN;1.028.000;6.3%;
2019-04-05;LA-SEXTA;23:38;EQUIPO DE INVESTIGACION / EL CLAN DE LOS IRLANDESES;642.000;5.8%;
2019-04-05;LA-SEXTA;01:02;EQUIPO DE INVESTIGACION / GUERRA DE TRONOS;395.000;7.5%;
2019-04-05;LA-SEXTA;02:07;EQUIPO DE INVESTIGACION / EL CARTEL DEL ESTRECHO;313.000;9.7%;
2019-04-06;LA-SEXTA;No disponemos de datos de audiencias para la fecha solicitada.;
2019-04-04;LA1;06:30;TELEDIARIO MATINAL;218.000;17.8%;
2019-04-04;LA1;08:26;LOS DESAYUNOS DE TVE;229.000;10.8%;
2019-04-04;LA1;09:34;LD:CONTINUACION / PABLO MONTESINOS;251.000;10.9%;
2019-04-04;LA1;10:02;LA MAĂANA;241.000;7.7%;
2019-04-04;LA1;13:24;HACER DE COMER / ZARZUELA DE MARISCO;376.000;6.4%;
2019-04-04;LA1;13:55;CERCA DE TI;5.000;0.1%;
2019-04-04;LA1;13:59;D.REG(INFORMATIVO TERRITORIAL 1);516.000;6.5%;
2019-04-04;LA1;13:59;INFORMATIVO TERRITORIAL 1;512.000;6.5%;
2019-04-04;LA1;13:59;L'INFORMATIU COMUNITAT VALENCIANA 1;95.000;1.2%;
2019-04-04;LA1;13:59;L'INFORMATIU MIGDIA 1;70.000;0.9%;
2019-04-04;LA1;13:59;NOTICIAS ANDALUCIA 1;57.000;0.7%;
2019-04-04;LA1;13:59;NOTICIAS CASTILLA Y LEON 1;56.000;0.7%;
2019-04-04;LA1;13:59;INFORMATIVO MADRID 1;46.000;0.6%;
2019-04-04;LA1;13:59;NOTICIAS CASTILLA-LA MANCHA 1;37.000;0.5%;
2019-04-04;LA1;13:59;NOTICIAS MURCIA 1;25.000;0.3%;
2019-04-04;LA1;13:59;TELEXORNAL 1;25.000;0.3%;
2019-04-04;LA1;13:59;TELENORTE 1;23.000;0.3%;
2019-04-04;LA1;13:59;INFORMATIU BALEAR 1;17.000;0.2%;
2019-04-04;LA1;13:59;PANORAMA REGIONAL 1;12.000;0.2%;
2019-04-04;LA1;13:59;NOTICIAS ARAGON 1;5.000;0.1%;
2019-04-04;LA1;13:59;PROGRAMACION REGIONAL;45.000;0.6%;
2019-04-04;LA1;13:59;FLASH MODA MONOGRAFICOS / MICHAEL KORS:EL AMERICANO MAS EUROPEO;0;0%;
2019-04-04;LA1;14:32;CORAZON;854.000;8.1%;
2019-04-04;LA1;15:04;TELEDIARIO 1;1.625.000;13.7%;
2019-04-04;LA1;16:00;TELECANARIAS 1;31.000;0.3%;
2019-04-04;LA1;16:29;SERVIR Y PROTEGER;984.000;9.2%;
2019-04-04;LA1;17:27;ACACIAS 38;808.000;8.4%;
2019-04-04;LA1;18:25;DERECHO A SOĂAR;434.000;4.8%;
2019-04-04;LA1;19:17;ESPAĂA DIRECTO;603.000;5.8%;
2019-04-04;LA1;20:30;AQUI LA TIERRA;1.228.000;9.3%;
2019-04-04;LA1;21:04;TELEDIARIO 2;1.680.000;10.2%;
2019-04-04;LA1;22:12;TVEMOS;1.240.000;6.6%;
2019-04-04;LA1;22:49;CUENTAME COMO PASO / LA VIDA ES UNA CAJA DE SORPRESAS;2.059.000;12.7%;
2019-04-04;LA1;00:04;D.REG(OCHENTAME...OTRA VEZ) / LAS AUTONONUESTRAS;699.000;7.3%;
2019-04-04;LA1;00:04;OCHENTAME...OTRA VEZ / LAS AUTONONUESTRAS;633.000;6.6%;
2019-04-04;LA1;00:04;EL DEBATE DE LA 1:CANARIAS;11.000;0.1%;
2019-04-04;LA1;00:04;EL DEBAT DE LA 1;44.000;0.5%;
2019-04-04;LA1;00:54;D.REG(OCHENTAME...OTRA VEZ) / TYPICAL SPANISH;219.000;3.9%;
2019-04-04;LA1;00:54;OCHENTAME...OTRA VEZ / TYPICAL SPANISH;183.000;3.3%;
2019-04-04;LA1;01:26;OCHENTAME...OTRA VEZ / LAS AUTONONUESTRAS;17.000;0.4%;
2019-04-04;LA1;01:32;OCHENTAME...OTRA VEZ / LAS AUTONONUESTRAS;6.000;0.2%;
2019-04-04;LA1;01:48;D.REG(LA NOCHE EN 24H:AVANCE);105.000;3.4%;
2019-04-04;LA1;01:48;LA NOCHE EN 24H:AVANCE;84.000;2.7%;
2019-04-05;LA1;06:30;TELEDIARIO MATINAL;208.000;15.5%;
2019-04-05;LA1;08:26;LOS DESAYUNOS DE TVE / ANDONI ORTUZAR;205.000;8.9%;
2019-04-05;LA1;10:02;LA MAĂANA;253.000;7.2%;
2019-04-05;LA1;13:23;HACER DE COMER / LASAĂA DE APROVECHAMIENTO;323.000;5%;
2019-04-05;LA1;13:55;CERCA DE TI;2.000;0%;
2019-04-05;LA1;13:59;D.REG(INFORMATIVO TERRITORIAL 1);540.000;6.5%;
2019-04-05;LA1;13:59;INFORMATIVO TERRITORIAL 1;469.000;5.7%;
2019-04-05;LA1;13:59;L'INFORMATIU MIGDIA 1;72.000;0.9%;
2019-04-05;LA1;13:59;PROGRAMACION REGIONAL;62.000;0.8%;
2019-04-05;LA1;13:59;NOTICIAS CASTILLA Y LEON 1;47.000;0.6%;
2019-04-05;LA1;13:59;NOTICIAS ANDALUCIA 1;42.000;0.5%;
2019-04-05;LA1;13:59;NOTICIAS CASTILLA-LA MANCHA 1;36.000;0.4%;
2019-04-05;LA1;13:59;NOTICIAS MURCIA 1;33.000;0.4%;
2019-04-05;LA1;13:59;INFORMATIU BALEAR 1;22.000;0.3%;
2019-04-05;LA1;13:59;TELEXORNAL 1;20.000;0.2%;
2019-04-05;LA1;13:59;TELENORTE 1;18.000;0.2%;
2019-04-05;LA1;13:59;FLASH MODA MONOGRAFICOS / ARMANI,REY DEL MADE IN ITALY;16.000;0.2%;
2019-04-05;LA1;13:59;NOTICIAS ARAGON 1;13.000;0.2%;
2019-04-05;LA1;13:59;PANORAMA REGIONAL 1;9.000;0.1%;
2019-04-05;LA1;13:59;L'INFORMATIU COMUNITAT VALENCIANA 1;77.000;0.9%;
2019-04-05;LA1;13:59;INFORMATIVO MADRID 1;73.000;0.9%;
2019-04-05;LA1;14:31;CORAZON;883.000;8.2%;
2019-04-05;LA1;15:04;TELEDIARIO 1;1.645.000;13.3%;
2019-04-05;LA1;16:00;TELECANARIAS 1;36.000;0.3%;
2019-04-05;LA1;16:30;SERVIR Y PROTEGER;1.133.000;9.8%;
2019-04-05;LA1;17:30;ACACIAS 38;828.000;7.6%;
2019-04-05;LA1;18:27;DERECHO A SOĂAR;427.000;4.1%;
2019-04-05;LA1;19:18;ESPAĂA DIRECTO;689.000;6.4%;
2019-04-05;LA1;20:30;AQUI LA TIERRA;1.320.000;10.7%;
2019-04-05;LA1;21:05;TELEDIARIO 2;1.671.000;11.3%;
2019-04-05;LA1;22:12;LA MEJOR CANCION JAMAS CANTADA;1.304.000;8.9%;
2019-04-05;LA1;00:38;D.REG(CINE) / ASUNTOS DEL CORAZON;318.000;5.1%;
2019-04-05;LA1;00:38;CINE / ASUNTOS DEL CORAZON;266.000;4.3%;
2019-04-05;LA1;00:38;ARA I AQUI / QUE HI HA DARRERE DE LES PERSONES DESAPAREGUDES?;52.000;0.8%;
2019-04-05;LA1;02:00;D.REG(CHICAGO P.D.) / CASUAL CON K;126.000;3.7%;
2019-04-05;LA1;02:00;CHICAGO P.D. / CASUAL CON K;114.000;3.4%;
2019-04-05;LA1;02:00;CHICAGO P.D. / CASUAL CON K;11.000;0.3%;
2019-04-06;LA1;No disponemos de datos de audiencias para la fecha solicitada.;
2019-04-04;LA2;07:01;ZOOM TENDENCIAS;30.000;3.1%;
2019-04-04;LA2;07:30;INGLES ONLINE TVE;23.000;1.7%;
2019-04-04;LA2;07:59;EL LADO OSCURO DE LOS COCODRILOS;38.000;1.8%;
2019-04-04;LA2;08:58;PUEBLO DE DIOS / LA HERENCIA RECIBIDA;27.000;1.3%;
2019-04-04;LA2;09:30;AQUI HAY TRABAJO;27.000;1.2%;
2019-04-04;LA2;09:56;LA AVENTURA DEL SABER;34.000;1.4%;
2019-04-04;LA2;10:57;DOCUMENTA2;34.000;1.2%;
2019-04-04;LA2;10:57;LENIN,GORKI,LA REVOLUCION A DESTIEMPO;35.000;1.2%;
2019-04-04;LA2;11:52;50 AĂOS DE... / CALLE POR AIXALA;43.000;1.4%;
2019-04-04;LA2;12:19;LA AVENTURA DEL SABER EXPRESS;58.000;1.8%;
2019-04-04;LA2;12:39;MAĂANAS DE CINE / EL SECRETO DEL CAPITAN O'HARA;164.000;3.2%;
2019-04-04;LA2;14:07;S.O.S ALIMENTOS,KARRA AL RESCATE / VIZCAYA;171.000;1.8%;
2019-04-04;LA2;14:54;LOS HABITANTES DEL BOSQUE / LA EDAD DE ORO DEL BOSQUE;283.000;2.4%;
2019-04-04;LA2;15:48;SABER Y GANAR;994.000;8.6%;
2019-04-04;LA2;16:31;GRANDES DOCUMENTALES;452.000;4.4%;
2019-04-04;LA2;16:32;INFIERNO ARABIGO / LAS MARAVILLAS DEL WADI;516.000;4.8%;
2019-04-04;LA2;17:17;HISTORIAS NATURALES / CUIDANDO LA VIDA;393.000;4%;
2019-04-04;LA2;18:10;D.REG(DOCUMENTA2);227.000;2.5%;
2019-04-04;LA2;18:10;DOCUMENTA2;219.000;2.4%;
2019-04-04;LA2;18:10;PROGRAMA INESPERAT;7.000;0.1%;
2019-04-04;LA2;18:10;D.REG(SECRETOS DE LOS MUSEOS);227.000;2.5%;
2019-04-04;LA2;18:10;SECRETOS DE LOS MUSEOS;219.000;2.4%;
2019-04-04;LA2;18:55;D.REG(LAS RECETAS DE JULIE) / REGION DE APT;203.000;2.2%;
2019-04-04;LA2;18:55;LAS RECETAS DE JULIE / REGION DE APT;196.000;2.1%;
2019-04-04;LA2;19:01;LAS RECETAS DE JULIE / REGION DE APT;8.000;0.1%;
2019-04-04;LA2;20:03;CONSTRUCCIONES ECOLOGICAS / UN BARRIO PIONERO;105.000;0.9%;
2019-04-04;LA2;20:30;LA 2 NOTICIAS;123.000;0.9%;
2019-04-04;LA2;21:01;ATENCION OBRAS;146.000;1%;
2019-04-04;LA2;21:31;ESE PROGRAMA DEL QUE USTED ME HABLA;223.000;1.3%;
2019-04-04;LA2;22:03;DOCUMASTER;951.000;5.2%;
2019-04-04;LA2;22:03;CINE / EL SILENCIO DE OTROS;951.000;5.2%;
2019-04-04;LA2;23:34;CRONICAS / VIDA EN TRANS;338.000;2.6%;
2019-04-04;LA2;00:23;ACCESO AUTORIZADO / SALVAMENTO MARITIMO;118.000;1.6%;
2019-04-04;LA2;01:21;CONCIERTOS RADIO 3 / JOSE DOMINGO;22.000;0.4%;
2019-04-04;LA2;01:49;ESE PROGRAMA DEL QUE USTED ME HABLA;17.000;0.5%;
2019-04-05;LA2;07:05;PASEOS HISTORICOS / HOLLYWOOD:LA CIUDAD DE LOS SUEĂOS;6.000;0.5%;
2019-04-05;LA2;07:30;INGLES ONLINE TVE;9.000;0.6%;
2019-04-05;LA2;08:00;ITALIA:CIUDADES OCULTAS / VENECIA;16.000;0.7%;
2019-04-05;LA2;08:57;EL SEĂOR DE LOS BOSQUES / VALLE DE IRUELAS;23.000;1.1%;
2019-04-05;LA2;09:30;AQUI HAY TRABAJO;49.000;2%;
2019-04-05;LA2;09:56;TV UNED;35.000;1.3%;
2019-04-05;LA2;10:50;EL CAĂADOR DE VERITATS / ELS FILLS;3.000;0.1%;
2019-04-05;LA2;10:54;D.REG(CUADERNOS DE PASO) / CUADERNO DE CANTAVIEJA;63.000;2%;
2019-04-05;LA2;10:54;CUADERNOS DE PASO / CUADERNO DE CANTAVIEJA;61.000;2%;
2019-04-05;LA2;11:20;CARRARIUS;1.000;0%;
2019-04-05;LA2;11:53;50 AĂOS DE... / TRADICIONES POR CLAUDIA LLOSA;81.000;2.3%;
2019-04-05;LA2;12:23;MAĂANAS DE CINE / MATAD A JOHNNY RINGO;192.000;3.8%;
2019-04-05;LA2;13:50;PLANETA GASTRONOMICO / LA HISTORIA DEL CAFE;189.000;2.2%;
2019-04-05;LA2;14:45;LAS RUTAS D'AMBROSIO / LA AXARQUIA MALAGUEĂA;298.000;2.5%;
2019-04-05;LA2;15:45;SABER Y GANAR;1.158.000;9.5%;
2019-04-05;LA2;16:31;GRANDES DOCUMENTALES;547.000;4.9%;
2019-04-05;LA2;16:31;LOS TESOROS DEL INDO / DE DIOSES Y HOMBRES;604.000;5.2%;
2019-04-05;LA2;17:14;ITALIA:CIUDADES OCULTAS / FLORENCIA;558.000;5%;
2019-04-05;LA2;18:06;NACIDO EXPLORADOR / NAMIBIA:GUEPARDOS SALVAJES;435.000;4.1%;
2019-04-05;LA2;18:31;EL ESCARABAJO VERDE / MI ARMARIO INSOSTENIBLE;359.000;3.5%;
2019-04-05;LA2;19:02;LAS RECETAS DE JULIE / MARSELLA;268.000;2.6%;
2019-04-05;LA2;19:54;D.REG(CONSTRUCCIONES ECOLOGICAS) / DEL CAMPUS A LA CIUDAD;155.000;1.4%;
2019-04-05;LA2;19:54;CONSTRUCCIONES ECOLOGICAS / DEL CAMPUS A LA CIUDAD;148.000;1.3%;
2019-04-05;LA2;19:54;PUNTS DE VISTA;7.000;0.1%;
2019-04-05;LA2;20:22;DIAS DE CINE;124.000;1%;
2019-04-05;LA2;21:27;ESE PROGRAMA DEL QUE USTED ME HABLA;119.000;0.8%;
2019-04-05;LA2;22:15;VOLVEREMOS;416.000;2.5%;
2019-04-05;LA2;23:34;VOLVEREMOS;380.000;3.4%;
2019-04-05;LA2;01:06;ESE PROGRAMA DEL QUE USTED ME HABLA;54.000;0.9%;
2019-04-05;LA2;01:35;LA NOCHE TEMATICA;58.000;1.5%;
2019-04-05;LA2;01:35;LA EXPLOSIVA HISTORIA DE HEDY LAMARR;58.000;1.5%;
2019-04-06;LA2;No disponemos de datos de audiencias para la fecha solicitada.;
2019-04-04;MEZZO-DPLUS;No disponemos de datos de audiencias para la fecha solicitada.;
2019-04-05;MEZZO-DPLUS;No disponemos de datos de audiencias para la fecha solicitada.;
2019-04-06;MEZZO-DPLUS;No disponemos de datos de audiencias para la fecha solicitada.;
2019-04-04;MEZZO-LIVE-HD-DPLUS;No disponemos de datos de audiencias para la fecha solicitada.;
2019-04-05;MEZZO-LIVE-HD-DPLUS;No disponemos de datos de audiencias para la fecha solicitada.;
2019-04-06;MEZZO-LIVE-HD-DPLUS;No disponemos de datos de audiencias para la fecha solicitada.;
2019-04-04;MTV;No disponemos de datos de audiencias para la fecha solicitada.;
2019-04-05;MTV;No disponemos de datos de audiencias para la fecha solicitada.;
2019-04-06;MTV;No disponemos de datos de audiencias para la fecha solicitada.;
2019-04-04;MTV-ROCKS-DPLUS;No disponemos de datos de audiencias para la fecha solicitada.;
2019-04-05;MTV-ROCKS-DPLUS;No disponemos de datos de audiencias para la fecha solicitada.;
2019-04-06;MTV-ROCKS-DPLUS;No disponemos de datos de audiencias para la fecha solicitada.;
2019-04-04;Movistar-ACCION;No disponemos de datos de audiencias para la fecha solicitada.;
2019-04-05;Movistar-ACCION;No disponemos de datos de audiencias para la fecha solicitada.;
2019-04-06;Movistar-ACCION;No disponemos de datos de audiencias para la fecha solicitada.;
2019-04-04;Movistar-COMEDIA;No disponemos de datos de audiencias para la fecha solicitada.;
2019-04-05;Movistar-COMEDIA;No disponemos de datos de audiencias para la fecha solicitada.;
2019-04-06;Movistar-COMEDIA;No disponemos de datos de audiencias para la fecha solicitada.;
2019-04-04;Movistar-Cine-n;No disponemos de datos de audiencias para la fecha solicitada.;
2019-04-05;Movistar-Cine-n;No disponemos de datos de audiencias para la fecha solicitada.;
2019-04-06;Movistar-Cine-n;No disponemos de datos de audiencias para la fecha solicitada.;
2019-04-04;Movistar-DCINE;No disponemos de datos de audiencias para la fecha solicitada.;
2019-04-05;Movistar-DCINE;No disponemos de datos de audiencias para la fecha solicitada.;
2019-04-06;Movistar-DCINE;No disponemos de datos de audiencias para la fecha solicitada.;
2019-04-04;Movistar-DEPORTES;No disponemos de datos de audiencias para la fecha solicitada.;
2019-04-05;Movistar-DEPORTES;No disponemos de datos de audiencias para la fecha solicitada.;
2019-04-06;Movistar-DEPORTES;No disponemos de datos de audiencias para la fecha solicitada.;
2019-04-04;Movistar-DEPORTES-2;No disponemos de datos de audiencias para la fecha solicitada.;
2019-04-05;Movistar-DEPORTES-2;No disponemos de datos de audiencias para la fecha solicitada.;
2019-04-06;Movistar-DEPORTES-2;No disponemos de datos de audiencias para la fecha solicitada.;
2019-04-04;Movistar-Estrenos;No disponemos de datos de audiencias para la fecha solicitada.;
2019-04-05;Movistar-Estrenos;No disponemos de datos de audiencias para la fecha solicitada.;
2019-04-06;Movistar-Estrenos;No disponemos de datos de audiencias para la fecha solicitada.;
2019-04-04;Movistar-FUTBOL;No disponemos de datos de audiencias para la fecha solicitada.;
2019-04-05;Movistar-FUTBOL;No disponemos de datos de audiencias para la fecha solicitada.;
2019-04-06;Movistar-FUTBOL;No disponemos de datos de audiencias para la fecha solicitada.;
2019-04-04;Movistar-Formula1;No disponemos de datos de audiencias para la fecha solicitada.;
2019-04-05;Movistar-Formula1;No disponemos de datos de audiencias para la fecha solicitada.;
2019-04-06;Movistar-Formula1;No disponemos de datos de audiencias para la fecha solicitada.;
2019-04-04;Movistar-GOLF;No disponemos de datos de audiencias para la fecha solicitada.;
2019-04-05;Movistar-GOLF;No disponemos de datos de audiencias para la fecha solicitada.;
2019-04-06;Movistar-GOLF;No disponemos de datos de audiencias para la fecha solicitada.;
2019-04-04;Movistar-Moto-GP;No disponemos de datos de audiencias para la fecha solicitada.;
2019-04-05;Movistar-Moto-GP;No disponemos de datos de audiencias para la fecha solicitada.;
2019-04-06;Movistar-Moto-GP;No disponemos de datos de audiencias para la fecha solicitada.;
2019-04-04;Movistar-Partidazo;No disponemos de datos de audiencias para la fecha solicitada.;
2019-04-05;Movistar-Partidazo;No disponemos de datos de audiencias para la fecha solicitada.;
2019-04-06;Movistar-Partidazo;No disponemos de datos de audiencias para la fecha solicitada.;
2019-04-04;Movistar-SERIES;No disponemos de datos de audiencias para la fecha solicitada.;
2019-04-05;Movistar-SERIES;No disponemos de datos de audiencias para la fecha solicitada.;
2019-04-06;Movistar-SERIES;No disponemos de datos de audiencias para la fecha solicitada.;
2019-04-04;Movistar-Series-Xtra;No disponemos de datos de audiencias para la fecha solicitada.;
2019-04-05;Movistar-Series-Xtra;No disponemos de datos de audiencias para la fecha solicitada.;
2019-04-06;Movistar-Series-Xtra;No disponemos de datos de audiencias para la fecha solicitada.;
2019-04-04;Movistar-XTRA;No disponemos de datos de audiencias para la fecha solicitada.;
2019-04-05;Movistar-XTRA;No disponemos de datos de audiencias para la fecha solicitada.;
2019-04-06;Movistar-XTRA;No disponemos de datos de audiencias para la fecha solicitada.;
2019-04-04;NAT-GEO-WILD-DPLUS;No disponemos de datos de audiencias para la fecha solicitada.;
2019-04-05;NAT-GEO-WILD-DPLUS;No disponemos de datos de audiencias para la fecha solicitada.;
2019-04-06;NAT-GEO-WILD-DPLUS;No disponemos de datos de audiencias para la fecha solicitada.;
2019-04-04;NAT-GEOGRAPHIC-DPLUS;No disponemos de datos de audiencias para la fecha solicitada.;
2019-04-05;NAT-GEOGRAPHIC-DPLUS;No disponemos de datos de audiencias para la fecha solicitada.;
2019-04-06;NAT-GEOGRAPHIC-DPLUS;No disponemos de datos de audiencias para la fecha solicitada.;
2019-04-04;NHK-WORLD-DPLUS;No disponemos de datos de audiencias para la fecha solicitada.;
2019-04-05;NHK-WORLD-DPLUS;No disponemos de datos de audiencias para la fecha solicitada.;
2019-04-06;NHK-WORLD-DPLUS;No disponemos de datos de audiencias para la fecha solicitada.;
2019-04-04;NICK-JR-DPLUS;No disponemos de datos de audiencias para la fecha solicitada.;
2019-04-05;NICK-JR-DPLUS;No disponemos de datos de audiencias para la fecha solicitada.;
2019-04-06;NICK-JR-DPLUS;No disponemos de datos de audiencias para la fecha solicitada.;
2019-04-04;NICKELODEON-DPLUS;No disponemos de datos de audiencias para la fecha solicitada.;
2019-04-05;NICKELODEON-DPLUS;No disponemos de datos de audiencias para la fecha solicitada.;
2019-04-06;NICKELODEON-DPLUS;No disponemos de datos de audiencias para la fecha solicitada.;
2019-04-04;Non-Stop-People;No disponemos de datos de audiencias para la fecha solicitada.;
2019-04-05;Non-Stop-People;No disponemos de datos de audiencias para la fecha solicitada.;
2019-04-06;Non-Stop-People;No disponemos de datos de audiencias para la fecha solicitada.;
2019-04-04;ODISEA-DPLUS;No disponemos de datos de audiencias para la fecha solicitada.;
2019-04-05;ODISEA-DPLUS;No disponemos de datos de audiencias para la fecha solicitada.;
2019-04-06;ODISEA-DPLUS;No disponemos de datos de audiencias para la fecha solicitada.;
2019-04-04;PARAMOUNT-CHANNEL;No disponemos de datos de audiencias para la fecha solicitada.;
2019-04-05;PARAMOUNT-CHANNEL;No disponemos de datos de audiencias para la fecha solicitada.;
2019-04-06;PARAMOUNT-CHANNEL;No disponemos de datos de audiencias para la fecha solicitada.;
2019-04-04;PLAYBOY-TV-DPLUS;No disponemos de datos de audiencias para la fecha solicitada.;
2019-04-05;PLAYBOY-TV-DPLUS;No disponemos de datos de audiencias para la fecha solicitada.;
2019-04-06;PLAYBOY-TV-DPLUS;No disponemos de datos de audiencias para la fecha solicitada.;
2019-04-04;PROGRAMACION-DE-AMC;No disponemos de datos de audiencias para la fecha solicitada.;
2019-04-05;PROGRAMACION-DE-AMC;No disponemos de datos de audiencias para la fecha solicitada.;
2019-04-06;PROGRAMACION-DE-AMC;No disponemos de datos de audiencias para la fecha solicitada.;
2019-04-04;PROGRAMACION-DE-ARAGON-TELEVISION-CPLUS;No disponemos de datos de audiencias para la fecha solicitada.;
2019-04-05;PROGRAMACION-DE-ARAGON-TELEVISION-CPLUS;No disponemos de datos de audiencias para la fecha solicitada.;
2019-04-06;PROGRAMACION-DE-ARAGON-TELEVISION-CPLUS;No disponemos de datos de audiencias para la fecha solicitada.;
2019-04-04;PROGRAMACION-DE-CANAL-33-CPLUS;No disponemos de datos de audiencias para la fecha solicitada.;
2019-04-05;PROGRAMACION-DE-CANAL-33-CPLUS;No disponemos de datos de audiencias para la fecha solicitada.;
2019-04-06;PROGRAMACION-DE-CANAL-33-CPLUS;No disponemos de datos de audiencias para la fecha solicitada.;
2019-04-04;REAL-MADRID-TV-DPLUS;No disponemos de datos de audiencias para la fecha solicitada.;
2019-04-05;REAL-MADRID-TV-DPLUS;No disponemos de datos de audiencias para la fecha solicitada.;
2019-04-06;REAL-MADRID-TV-DPLUS;No disponemos de datos de audiencias para la fecha solicitada.;
2019-04-04;RT-DPLUS;No disponemos de datos de audiencias para la fecha solicitada.;
2019-04-05;RT-DPLUS;No disponemos de datos de audiencias para la fecha solicitada.;
2019-04-06;RT-DPLUS;No disponemos de datos de audiencias para la fecha solicitada.;
2019-04-04;RT-EN-ESPANOL-DPLUS;No disponemos de datos de audiencias para la fecha solicitada.;
2019-04-05;RT-EN-ESPANOL-DPLUS;No disponemos de datos de audiencias para la fecha solicitada.;
2019-04-06;RT-EN-ESPANOL-DPLUS;No disponemos de datos de audiencias para la fecha solicitada.;
2019-04-04;Real-Madrid;No disponemos de datos de audiencias para la fecha solicitada.;
2019-04-05;Real-Madrid;No disponemos de datos de audiencias para la fecha solicitada.;
2019-04-06;Real-Madrid;No disponemos de datos de audiencias para la fecha solicitada.;
2019-04-04;SKY-NEWS-DPLUS;No disponemos de datos de audiencias para la fecha solicitada.;
2019-04-05;SKY-NEWS-DPLUS;No disponemos de datos de audiencias para la fecha solicitada.;
2019-04-06;SKY-NEWS-DPLUS;No disponemos de datos de audiencias para la fecha solicitada.;
2019-04-04;SOL-MUSICA-HD;No disponemos de datos de audiencias para la fecha solicitada.;
2019-04-05;SOL-MUSICA-HD;No disponemos de datos de audiencias para la fecha solicitada.;
2019-04-06;SOL-MUSICA-HD;No disponemos de datos de audiencias para la fecha solicitada.;
2019-04-04;SYFY-DPLUS;No disponemos de datos de audiencias para la fecha solicitada.;
2019-04-05;SYFY-DPLUS;No disponemos de datos de audiencias para la fecha solicitada.;
2019-04-06;SYFY-DPLUS;No disponemos de datos de audiencias para la fecha solicitada.;
2019-04-04;Sundance;No disponemos de datos de audiencias para la fecha solicitada.;
2019-04-05;Sundance;No disponemos de datos de audiencias para la fecha solicitada.;
2019-04-06;Sundance;No disponemos de datos de audiencias para la fecha solicitada.;
2019-04-04;TAQUILLA-1-DPLUS;No disponemos de datos de audiencias para la fecha solicitada.;
2019-04-05;TAQUILLA-1-DPLUS;No disponemos de datos de audiencias para la fecha solicitada.;
2019-04-06;TAQUILLA-1-DPLUS;No disponemos de datos de audiencias para la fecha solicitada.;
2019-04-04;TAQUILLA-2-DPLUS;No disponemos de datos de audiencias para la fecha solicitada.;
2019-04-05;TAQUILLA-2-DPLUS;No disponemos de datos de audiencias para la fecha solicitada.;
2019-04-06;TAQUILLA-2-DPLUS;No disponemos de datos de audiencias para la fecha solicitada.;
2019-04-04;TAQUILLA-3-DPLUS;No disponemos de datos de audiencias para la fecha solicitada.;
2019-04-05;TAQUILLA-3-DPLUS;No disponemos de datos de audiencias para la fecha solicitada.;
2019-04-06;TAQUILLA-3-DPLUS;No disponemos de datos de audiencias para la fecha solicitada.;
2019-04-04;TAQUILLA-4-DPLUS;No disponemos de datos de audiencias para la fecha solicitada.;
2019-04-05;TAQUILLA-4-DPLUS;No disponemos de datos de audiencias para la fecha solicitada.;
2019-04-06;TAQUILLA-4-DPLUS;No disponemos de datos de audiencias para la fecha solicitada.;
2019-04-04;TAQUILLA-5-DPLUS;No disponemos de datos de audiencias para la fecha solicitada.;
2019-04-05;TAQUILLA-5-DPLUS;No disponemos de datos de audiencias para la fecha solicitada.;
2019-04-06;TAQUILLA-5-DPLUS;No disponemos de datos de audiencias para la fecha solicitada.;
2019-04-04;TAQUILLA-6-DPLUS;No disponemos de datos de audiencias para la fecha solicitada.;
2019-04-05;TAQUILLA-6-DPLUS;No disponemos de datos de audiencias para la fecha solicitada.;
2019-04-06;TAQUILLA-6-DPLUS;No disponemos de datos de audiencias para la fecha solicitada.;
2019-04-04;TAQUILLA-HD-2-DPLUS;No disponemos de datos de audiencias para la fecha solicitada.;
2019-04-05;TAQUILLA-HD-2-DPLUS;No disponemos de datos de audiencias para la fecha solicitada.;
2019-04-06;TAQUILLA-HD-2-DPLUS;No disponemos de datos de audiencias para la fecha solicitada.;
2019-04-04;TAQUILLA-HD-DPLUS;No disponemos de datos de audiencias para la fecha solicitada.;
2019-04-05;TAQUILLA-HD-DPLUS;No disponemos de datos de audiencias para la fecha solicitada.;
2019-04-06;TAQUILLA-HD-DPLUS;No disponemos de datos de audiencias para la fecha solicitada.;
2019-04-04;TCM-DPLUS;No disponemos de datos de audiencias para la fecha solicitada.;
2019-04-05;TCM-DPLUS;No disponemos de datos de audiencias para la fecha solicitada.;
2019-04-06;TCM-DPLUS;No disponemos de datos de audiencias para la fecha solicitada.;
2019-04-04;TELECINCO;06:59;INFORMATIVO T5 MATINA;105.000;12.6%;
2019-04-04;TELECINCO;07:29;INFORMATIVO T5 MATINA;185.000;14.2%;
2019-04-04;TELECINCO;07:57;INFORMATIVO T5 MATINA;261.000;12.5%;
2019-04-04;TELECINCO;09:00;EL PROGRAMA DE ANA ROSA;538.000;18.3%;
2019-04-04;TELECINCO;13:30;YA ES MEDIODIA;981.000;11.9%;
2019-04-04;TELECINCO;15:00;INFORMATIVOS T5 15:00;1.580.000;13.4%;
2019-04-04;TELECINCO;15:59;SALVAME LIMON;1.396.000;12.3%;
2019-04-04;TELECINCO;16:55;SALVAME NARANJA;1.767.000;18.1%;
2019-04-04;TELECINCO;20:12;PASAPALABRA;2.211.000;17%;
2019-04-04;TELECINCO;21:10;INFORMATIVOS T5 21:00;2.416.000;15.2%;
2019-04-04;TELECINCO;22:09;GH DUO:EXPRESS;3.209.000;17.1%;
2019-04-04;TELECINCO;23:01;GH DUO;2.936.000;27.4%;
2019-04-04;TELECINCO;01:47;GH DUO:EN DIRECTO;676.000;21.6%;
2019-04-05;TELECINCO;07:28;INFORMATIVO T5 MATINA;180.000;12.4%;
2019-04-05;TELECINCO;07:59;INFORMATIVO T5 MATINA;347.000;15.4%;
2019-04-05;TELECINCO;09:00;EL PROGRAMA DE ANA ROSA;710.000;21.6%;
2019-04-05;TELECINCO;13:30;YA ES MEDIODIA;1.061.000;12.3%;
2019-04-05;TELECINCO;15:00;INFORMATIVOS T5 15:00;1.594.000;13%;
2019-04-05;TELECINCO;15:59;SALVAME LIMON;1.583.000;13.2%;
2019-04-05;TELECINCO;16:55;SALVAME NARANJA;1.931.000;17.9%;
2019-04-05;TELECINCO;20:11;PASAPALABRA;1.984.000;16.2%;
2019-04-05;TELECINCO;21:11;INFORMATIVOS T5 21:00;2.397.000;16.9%;
2019-04-05;TELECINCO;22:03;MI CASA ES LA TUYA / PABLO CASADO,ALBERT RIVERA Y SANTIAGO ABASCAL;2.275.000;15.1%;
2019-04-05;TELECINCO;00:29;SANZ:LO QUE FUI ES LO QUE SOY;562.000;9.4%;
2019-04-06;TELECINCO;No disponemos de datos de audiencias para la fecha solicitada.;
2019-04-04;TELEDEPORTE;02:30;PATINAJE ARTISTICO:CAMPEONATO DEL MUNDO(D) / GALA EXHIBICION;23.000;1.2%;
2019-04-04;TELEDEPORTE;16:33;PASION RUGBY;20.000;0.2%;
2019-04-04;TELEDEPORTE;16:54;MOTO AVENUE;20.000;0.2%;
2019-04-04;TELEDEPORTE;17:37;FUTBOL:LIGA ESPAÑOLA RESUMEN;26.000;0.3%;
2019-04-04;TELEDEPORTE;18:48;PATINAJE ARTISTICO:CAMPEONATO DEL MUNDO(D) / GALA DE EXHIBICION;23.000;0.2%;
2019-04-04;TELEDEPORTE;20:30;CONEXION TDP;35.000;0.3%;
2019-04-04;TELEDEPORTE;21:02;ATLETISMO:CROSS CAMPEONATO DEL MUNDO(D);31.000;0.2%;
2019-04-04;TELEDEPORTE;22:44;OBJETIVO TOKIO;21.000;0.1%;
2019-04-04;TELEDEPORTE;23:00;ESTUDIO ESTADIO;85.000;0.6%;
2019-04-04;TELEDEPORTE;00:43;FUTBOL SALA:LIGA NACIONAL(D) / INTER MOVISTAR-BARCELONA;16.000;0.3%;
2019-04-05;TELEDEPORTE;10:56;ESTUDIO ESTADIO;18.000;0.6%;
2019-04-05;TELEDEPORTE;13:17;FUTBOL:LIGA ESPAÑOLA RESUMEN;26.000;0.3%;
2019-04-05;TELEDEPORTE;15:18;ENDURO:CAMPEONATO DEL MUNDO RESUMEN;17.000;0.1%;
2019-04-05;TELEDEPORTE;17:12;FUTBOL:LIGA ESPAÑOLA RESUMEN;41.000;0.4%;
2019-04-05;TELEDEPORTE;18:31;FUTBOL:AMISTOSO FEMENINO / ESPAÑA-BRASIL;113.000;1.1%;
2019-04-05;TELEDEPORTE;20:27;CONEXION TDP;67.000;0.5%;
2019-04-05;TELEDEPORTE;21:02;BALONMANO:LIGA FEMENINA / CASTELLON-GUARDES;33.000;0.2%;
2019-04-05;TELEDEPORTE;22:36;BAILES DEPORTIVOS:GRAND SLAM STANDARD(D) / SHANGHAI;29.000;0.2%;
2019-04-05;TELEDEPORTE;23:33;BAILES DEPORTIVOS:GRAND SLAM LATINO(D) / SHANGHAI;55.000;0.4%;
2019-04-05;TELEDEPORTE;00:40;FUTBOL:AMISTOSO FEMENINO(D) / ESPAÑA-BRASIL;20.000;0.4%;
2019-04-06;TELEDEPORTE;No disponemos de datos de audiencias para la fecha solicitada.;
2019-04-04;TELEMADRID;No disponemos de datos de audiencias para la fecha solicitada.;
2019-04-05;TELEMADRID;No disponemos de datos de audiencias para la fecha solicitada.;
2019-04-06;TELEMADRID;No disponemos de datos de audiencias para la fecha solicitada.;
2019-04-04;TELESUR-DPLUS;No disponemos de datos de audiencias para la fecha solicitada.;
2019-04-05;TELESUR-DPLUS;No disponemos de datos de audiencias para la fecha solicitada.;
2019-04-06;TELESUR-DPLUS;No disponemos de datos de audiencias para la fecha solicitada.;
2019-04-04;TELEVISION-DE-GALICIA;No disponemos de datos de audiencias para la fecha solicitada.;
2019-04-05;TELEVISION-DE-GALICIA;No disponemos de datos de audiencias para la fecha solicitada.;
2019-04-06;TELEVISION-DE-GALICIA;No disponemos de datos de audiencias para la fecha solicitada.;
2019-04-04;TNT-DPLUS;No disponemos de datos de audiencias para la fecha solicitada.;
2019-04-05;TNT-DPLUS;No disponemos de datos de audiencias para la fecha solicitada.;
2019-04-06;TNT-DPLUS;No disponemos de datos de audiencias para la fecha solicitada.;
2019-04-04;TOROS-TV;No disponemos de datos de audiencias para la fecha solicitada.;
2019-04-05;TOROS-TV;No disponemos de datos de audiencias para la fecha solicitada.;
2019-04-06;TOROS-TV;No disponemos de datos de audiencias para la fecha solicitada.;
2019-04-04;TRECE;11:00;SANTA MISA;107.000;3.8%;
2019-04-04;TRECE;12:40;CINE / GRAN DUELO AL AMANECER;103.000;1.8%;
2019-04-04;TRECE;14:52;SESION DOBLE / CRUCE DE DESTINOS(1956);201.000;1.7%;
2019-04-04;TRECE;16:55;SESION DOBLE / SAFARI EN MALASIA;312.000;3.2%;
2019-04-04;TRECE;18:54;CINE WESTERN:PRESENTACION / EL VIGILANTE DE LA DILIGENCIA;425.000;4.2%;
2019-04-04;TRECE;18:57;CINE WESTERN / EL VIGILANTE DE LA DILIGENCIA;428.000;4.2%;
2019-04-04;TRECE;20:30;TRECE AL DIA;182.000;1.1%;
2019-04-04;TRECE;22:32;EL CASCABEL:PREVIO;346.000;1.8%;
2019-04-04;TRECE;22:57;EL CASCABEL;414.000;2.9%;
2019-04-04;TRECE;00:31;EL COMISARIO / LA CARA OCULTA DE LA ESTUDIANTE;123.000;1.9%;
2019-04-05;TRECE;11:00;SANTA MISA;109.000;3.6%;
2019-04-05;TRECE;12:36;CINE / DESENFUNDA;138.000;2.2%;
2019-04-05;TRECE;14:30;AL DIA;115.000;1.1%;
2019-04-05;TRECE;14:55;SESION DOBLE / SU MAJESTAD DE LOS MARES DEL SUR;240.000;2%;
2019-04-05;TRECE;16:40;SESION DOBLE / CALLEJON SANGRIENTO;355.000;3.2%;
2019-04-05;TRECE;18:57;CINE WESTERN / RIO APACHE;395.000;3.7%;
2019-04-05;TRECE;20:30;TRECE AL DIA;157.000;1.2%;
2019-04-05;TRECE;22:01;FE EN EL CINE:PRESENTACION / THOMAS;259.000;1.6%;
2019-04-05;TRECE;22:02;FE EN EL CINE / THOMAS;260.000;1.6%;
2019-04-05;TRECE;23:32;EL CINE CLUB DE FE EN EL CINE;103.000;0.7%;
2019-04-06;TRECE;No disponemos de datos de audiencias para la fecha solicitada.;
2019-04-04;TV-RECORD-DPLUS;No disponemos de datos de audiencias para la fecha solicitada.;
2019-04-05;TV-RECORD-DPLUS;No disponemos de datos de audiencias para la fecha solicitada.;
2019-04-06;TV-RECORD-DPLUS;No disponemos de datos de audiencias para la fecha solicitada.;
2019-04-04;TV5MONDE-DPLUS;No disponemos de datos de audiencias para la fecha solicitada.;
2019-04-05;TV5MONDE-DPLUS;No disponemos de datos de audiencias para la fecha solicitada.;
2019-04-06;TV5MONDE-DPLUS;No disponemos de datos de audiencias para la fecha solicitada.;
2019-04-04;TVI-INTERNACIONAL-DPLUS;No disponemos de datos de audiencias para la fecha solicitada.;
2019-04-05;TVI-INTERNACIONAL-DPLUS;No disponemos de datos de audiencias para la fecha solicitada.;
2019-04-06;TVI-INTERNACIONAL-DPLUS;No disponemos de datos de audiencias para la fecha solicitada.;
2019-04-04;TVVAT;No disponemos de datos de audiencias para la fecha solicitada.;
2019-04-05;TVVAT;No disponemos de datos de audiencias para la fecha solicitada.;
2019-04-06;TVVAT;No disponemos de datos de audiencias para la fecha solicitada.;
2019-04-04;Ten;No disponemos de datos de audiencias para la fecha solicitada.;
2019-04-05;Ten;No disponemos de datos de audiencias para la fecha solicitada.;
2019-04-06;Ten;No disponemos de datos de audiencias para la fecha solicitada.;
2019-04-04;VH1-DPLUS;No disponemos de datos de audiencias para la fecha solicitada.;
2019-04-05;VH1-DPLUS;No disponemos de datos de audiencias para la fecha solicitada.;
2019-04-06;VH1-DPLUS;No disponemos de datos de audiencias para la fecha solicitada.;
2019-04-04;VIAJAR-DPLUS;No disponemos de datos de audiencias para la fecha solicitada.;
2019-04-05;VIAJAR-DPLUS;No disponemos de datos de audiencias para la fecha solicitada.;
2019-04-06;VIAJAR-DPLUS;No disponemos de datos de audiencias para la fecha solicitada.;
2019-04-04;bio-DPLUS;No disponemos de datos de audiencias para la fecha solicitada.;
2019-04-05;bio-DPLUS;No disponemos de datos de audiencias para la fecha solicitada.;
2019-04-06;bio-DPLUS;No disponemos de datos de audiencias para la fecha solicitada.;
